province,city,update_time,nowConfirm,confirm,suspect,dead,deadRate,showRate,heal,healRate,showHeal
香港,香港,2020-06-02 18:12:07,51,1093,0,4,0.0037,False,1038,0.9497,True
内蒙古,境外输入,2020-06-02 18:12:07,25,158,0,0,0.0,False,133,0.8418000000000001,True
内蒙古,呼伦贝尔,2020-06-02 18:12:07,0,9,0,0,0.0,False,9,1.0,True
内蒙古,包头,2020-06-02 18:12:07,0,11,0,0,0.0,False,11,1.0,True
内蒙古,呼和浩特,2020-06-02 18:12:07,0,7,0,0,0.0,False,7,1.0,True
内蒙古,乌兰察布,2020-06-02 18:12:07,0,3,0,0,0.0,False,3,1.0,True
内蒙古,赤峰,2020-06-02 18:12:07,0,9,0,0,0.0,False,9,1.0,True
内蒙古,锡林郭勒,2020-06-02 18:12:07,0,9,0,0,0.0,False,9,1.0,True
内蒙古,通辽,2020-06-02 18:12:07,0,7,0,0,0.0,False,7,1.0,True
内蒙古,鄂尔多斯,2020-06-02 18:12:07,0,11,0,0,0.0,False,11,1.0,True
内蒙古,巴彦淖尔,2020-06-02 18:12:07,0,8,0,1,0.125,False,7,0.875,True
内蒙古,兴安盟,2020-06-02 18:12:07,0,1,0,0,0.0,False,1,1.0,True
内蒙古,乌海,2020-06-02 18:12:07,0,2,0,0,0.0,False,2,1.0,True
四川,境外输入,2020-06-02 18:12:07,16,37,0,0,0.0,False,21,0.5676,True
四川,内江,2020-06-02 18:12:07,0,22,0,0,0.0,False,22,1.0,True
四川,遂宁,2020-06-02 18:12:07,0,17,0,0,0.0,False,17,1.0,True
四川,乐山,2020-06-02 18:12:07,0,3,0,0,0.0,False,3,1.0,True
四川,宜宾,2020-06-02 18:12:07,0,12,0,0,0.0,False,12,1.0,True
四川,自贡,2020-06-02 18:12:07,0,9,0,0,0.0,False,9,1.0,True
四川,攀枝花,2020-06-02 18:12:07,0,16,0,0,0.0,False,16,1.0,True
四川,泸州,2020-06-02 18:12:07,0,24,0,0,0.0,False,24,1.0,True
四川,德阳,2020-06-02 18:12:07,0,18,0,0,0.0,False,18,1.0,True
四川,绵阳,2020-06-02 18:12:07,0,22,0,0,0.0,False,22,1.0,True
四川,凉山,2020-06-02 18:12:07,0,13,0,0,0.0,False,13,1.0,True
四川,成都,2020-06-02 18:12:07,0,145,0,3,0.0207,False,142,0.9793000000000001,True
四川,阿坝,2020-06-02 18:12:07,0,1,0,0,0.0,False,1,1.0,True
四川,资阳,2020-06-02 18:12:07,0,4,0,0,0.0,False,4,1.0,True
四川,眉山,2020-06-02 18:12:07,0,8,0,0,0.0,False,8,1.0,True
四川,雅安,2020-06-02 18:12:07,0,7,0,0,0.0,False,7,1.0,True
四川,巴中,2020-06-02 18:12:07,0,24,0,0,0.0,False,24,1.0,True
四川,达州,2020-06-02 18:12:07,0,42,0,0,0.0,False,42,1.0,True
四川,广安,2020-06-02 18:12:07,0,30,0,0,0.0,False,30,1.0,True
四川,广元,2020-06-02 18:12:07,0,6,0,0,0.0,False,6,1.0,True
四川,南充,2020-06-02 18:12:07,0,39,0,0,0.0,False,39,1.0,True
四川,甘孜,2020-06-02 18:12:07,0,78,0,0,0.0,False,78,1.0,True
台湾,台湾,2020-06-02 18:12:07,9,443,0,7,0.0158,False,427,0.9639,True
吉林,吉林,2020-06-02 18:12:07,6,48,0,1,0.0208,False,41,0.8542000000000001,True
吉林,境外输入,2020-06-02 18:12:07,0,19,0,0,0.0,False,19,1.0,True
吉林,通化,2020-06-02 18:12:07,0,6,0,0,0.0,False,6,1.0,True
吉林,长春,2020-06-02 18:12:07,0,45,0,0,0.0,False,45,1.0,True
吉林,白城,2020-06-02 18:12:07,0,1,0,0,0.0,False,1,1.0,True
吉林,四平,2020-06-02 18:12:07,0,15,0,1,0.0667,False,14,0.9333,True
吉林,公主岭,2020-06-02 18:12:07,0,6,0,0,0.0,False,6,1.0,True
吉林,辽源,2020-06-02 18:12:07,0,7,0,0,0.0,False,7,1.0,True
吉林,延边,2020-06-02 18:12:07,0,5,0,0,0.0,False,5,1.0,True
吉林,松原,2020-06-02 18:12:07,0,2,0,0,0.0,False,2,1.0,True
吉林,梅河口市,2020-06-02 18:12:07,0,1,0,0,0.0,False,1,1.0,True
广东,境外输入,2020-06-02 18:12:07,5,201,0,0,0.0,False,196,0.9751000000000001,True
广东,深圳,2020-06-02 18:12:07,0,423,0,3,0.0070999999999999995,False,420,0.9929000000000001,True
广东,中山,2020-06-02 18:12:07,0,67,0,0,0.0,False,67,1.0,True
广东,河源,2020-06-02 18:12:07,0,5,0,0,0.0,False,5,1.0,True
广东,湛江,2020-06-02 18:12:07,0,22,0,0,0.0,False,22,1.0,True
广东,珠海,2020-06-02 18:12:07,0,98,0,1,0.0102,False,97,0.9898,True
广东,汕头,2020-06-02 18:12:07,0,25,0,0,0.0,False,25,1.0,True
广东,揭阳,2020-06-02 18:12:07,0,10,0,0,0.0,False,10,1.0,True
广东,江门,2020-06-02 18:12:07,0,23,0,0,0.0,False,23,1.0,True
广东,梅州,2020-06-02 18:12:07,0,16,0,0,0.0,False,16,1.0,True
广东,佛山,2020-06-02 18:12:07,0,89,0,0,0.0,False,89,1.0,True
广东,广州,2020-06-02 18:12:07,0,377,0,1,0.0027,False,376,0.9973000000000001,True
广东,肇庆,2020-06-02 18:12:07,0,19,0,1,0.0526,False,18,0.9473999999999999,True
广东,东莞,2020-06-02 18:12:07,0,99,0,1,0.0101,False,98,0.9899,True
广东,阳江,2020-06-02 18:12:07,0,14,0,0,0.0,False,14,1.0,True
广东,惠州,2020-06-02 18:12:07,0,62,0,0,0.0,False,62,1.0,True
广东,茂名,2020-06-02 18:12:07,0,14,0,0,0.0,False,14,1.0,True
广东,韶关,2020-06-02 18:12:07,0,10,0,1,0.1,False,9,0.9,True
广东,清远,2020-06-02 18:12:07,0,12,0,0,0.0,False,12,1.0,True
广东,汕尾,2020-06-02 18:12:07,0,5,0,0,0.0,False,5,1.0,True
广东,潮州,2020-06-02 18:12:07,0,5,0,0,0.0,False,5,1.0,True
广东,广东,2020-06-02 18:12:07,0,0,0,0,0.0,False,0,0.0,True
山东,境外输入,2020-06-02 18:12:07,5,29,0,0,0.0,False,24,0.8276,True
山东,威海,2020-06-02 18:12:07,0,38,0,1,0.0263,False,37,0.9737,True
山东,济宁,2020-06-02 18:12:07,0,260,0,0,0.0,False,260,1.0,True
山东,济南,2020-06-02 18:12:07,0,47,0,0,0.0,False,47,1.0,True
山东,潍坊,2020-06-02 18:12:07,0,44,0,0,0.0,False,44,1.0,True
山东,枣庄,2020-06-02 18:12:07,0,24,0,0,0.0,False,24,1.0,True
山东,淄博,2020-06-02 18:12:07,0,30,0,1,0.0333,False,29,0.9667,True
山东,泰安,2020-06-02 18:12:07,0,35,0,2,0.0571,False,33,0.9429000000000001,True
山东,青岛,2020-06-02 18:12:07,0,65,0,1,0.0154,False,64,0.9845999999999999,True
山东,日照,2020-06-02 18:12:07,0,16,0,0,0.0,False,16,1.0,True
山东,临沂,2020-06-02 18:12:07,0,49,0,0,0.0,False,49,1.0,True
山东,德州,2020-06-02 18:12:07,0,37,0,2,0.0541,False,35,0.9459000000000001,True
山东,聊城,2020-06-02 18:12:07,0,38,0,0,0.0,False,38,1.0,True
山东,滨州,2020-06-02 18:12:07,0,15,0,0,0.0,False,15,1.0,True
山东,菏泽,2020-06-02 18:12:07,0,18,0,0,0.0,False,18,1.0,True
山东,烟台,2020-06-02 18:12:07,0,47,0,0,0.0,False,47,1.0,True
上海,境外输入,2020-06-02 18:12:07,5,332,0,0,0.0,False,327,0.9849,True
上海,青浦,2020-06-02 18:12:07,0,6,0,0,0.0,False,6,1.0,True
上海,上海,2020-06-02 18:12:07,0,0,0,0,0.0,False,0,0.0,True
上海,宝山,2020-06-02 18:12:07,0,22,0,1,0.0455,False,21,0.9545,True
上海,嘉定,2020-06-02 18:12:07,0,9,0,2,0.22219999999999998,False,7,0.7778,True
上海,徐汇,2020-06-02 18:12:07,0,18,0,1,0.0556,False,17,0.9444,True
上海,静安,2020-06-02 18:12:07,0,16,0,1,0.0625,False,15,0.9375,True
上海,黄浦,2020-06-02 18:12:07,0,6,0,1,0.16670000000000001,False,5,0.8332999999999999,True
上海,浦东,2020-06-02 18:12:07,0,61,0,0,0.0,False,61,1.0,True
上海,外地来沪,2020-06-02 18:12:07,0,113,0,1,0.0088,False,112,0.9912000000000001,True
上海,崇明,2020-06-02 18:12:07,0,4,0,0,0.0,False,4,1.0,True
上海,金山,2020-06-02 18:12:07,0,4,0,0,0.0,False,4,1.0,True
上海,虹口,2020-06-02 18:12:07,0,7,0,0,0.0,False,7,1.0,True
上海,奉贤,2020-06-02 18:12:07,0,9,0,0,0.0,False,9,1.0,True
上海,杨浦,2020-06-02 18:12:07,0,9,0,0,0.0,False,9,1.0,True
上海,普陀,2020-06-02 18:12:07,0,11,0,0,0.0,False,11,1.0,True
上海,长宁,2020-06-02 18:12:07,0,13,0,0,0.0,False,13,1.0,True
上海,松江,2020-06-02 18:12:07,0,14,0,0,0.0,False,14,1.0,True
上海,闵行,2020-06-02 18:12:07,0,19,0,0,0.0,False,19,1.0,True
湖北,武汉,2020-06-02 18:12:07,3,50340,0,3869,0.07690000000000001,False,46468,0.9231,True
湖北,仙桃,2020-06-02 18:12:07,0,575,0,22,0.0383,False,553,0.9617,True
湖北,襄阳,2020-06-02 18:12:07,0,1175,0,40,0.034,False,1135,0.966,True
湖北,天门,2020-06-02 18:12:07,0,496,0,15,0.0302,False,481,0.9698,True
湖北,恩施州,2020-06-02 18:12:07,0,252,0,7,0.0278,False,245,0.9722,True
湖北,随州,2020-06-02 18:12:07,0,1307,0,45,0.0344,False,1262,0.9656,True
湖北,咸宁,2020-06-02 18:12:07,0,836,0,15,0.0179,False,821,0.9821,True
湖北,宜昌,2020-06-02 18:12:07,0,931,0,37,0.0397,False,894,0.9603,True
湖北,荆州,2020-06-02 18:12:07,0,1580,0,52,0.0329,False,1528,0.9671,True
湖北,黄冈,2020-06-02 18:12:07,0,2907,0,125,0.043,False,2782,0.9570000000000001,True
湖北,神农架,2020-06-02 18:12:07,0,11,0,0,0.0,False,11,1.0,True
湖北,孝感,2020-06-02 18:12:07,0,3518,0,129,0.036699999999999997,False,3389,0.9632999999999999,True
湖北,黄石,2020-06-02 18:12:07,0,1015,0,39,0.0384,False,976,0.9616,True
湖北,荆门,2020-06-02 18:12:07,0,928,0,41,0.044199999999999996,False,887,0.9558,True
湖北,鄂州,2020-06-02 18:12:07,0,1394,0,59,0.042300000000000004,False,1335,0.9577,True
湖北,潜江,2020-06-02 18:12:07,0,198,0,9,0.0455,False,189,0.9545,True
湖北,十堰,2020-06-02 18:12:07,0,672,0,8,0.011899999999999999,False,664,0.9881,True
北京,朝阳,2020-06-02 18:12:07,75,75,0,0,0.0,False,0,0.0,False
北京,海淀,2020-06-02 18:12:07,64,64,0,0,0.0,False,0,0.0,False
北京,西城,2020-06-02 18:12:07,53,53,0,0,0.0,False,0,0.0,False
北京,丰台,2020-06-02 18:12:07,43,43,0,0,0.0,False,0,0.0,False
北京,大兴,2020-06-02 18:12:07,39,39,0,0,0.0,False,0,0.0,False
北京,昌平,2020-06-02 18:12:07,29,29,0,0,0.0,False,0,0.0,False
北京,外地来京,2020-06-02 18:12:07,25,25,0,0,0.0,False,0,0.0,False
北京,通州,2020-06-02 18:12:07,19,19,0,0,0.0,False,0,0.0,False
北京,房山,2020-06-02 18:12:07,16,16,0,0,0.0,False,0,0.0,False
北京,石景山,2020-06-02 18:12:07,14,14,0,0,0.0,False,0,0.0,False
北京,东城,2020-06-02 18:12:07,14,14,0,0,0.0,False,0,0.0,False
北京,顺义,2020-06-02 18:12:07,10,10,0,0,0.0,False,0,0.0,False
北京,怀柔,2020-06-02 18:12:07,7,7,0,0,0.0,False,0,0.0,False
北京,密云,2020-06-02 18:12:07,7,7,0,0,0.0,False,0,0.0,False
北京,门头沟,2020-06-02 18:12:07,3,3,0,0,0.0,False,0,0.0,False
北京,境外输入,2020-06-02 18:12:07,2,174,0,0,0.0,False,172,0.9884999999999999,True
北京,延庆,2020-06-02 18:12:07,1,1,0,0,0.0,False,0,0.0,False
北京,北京,2020-06-02 18:12:07,-418,0,0,9,0.0,False,409,0.0,True
天津,境外输入,2020-06-02 18:12:07,1,56,0,0,0.0,False,55,0.9821,True
天津,和平区,2020-06-02 18:12:07,0,6,0,0,0.0,False,6,1.0,True
天津,河北区,2020-06-02 18:12:07,0,12,0,0,0.0,False,12,1.0,True
天津,津南区,2020-06-02 18:12:07,0,2,0,0,0.0,False,2,1.0,True
天津,北辰区,2020-06-02 18:12:07,0,6,0,0,0.0,False,6,1.0,True
天津,南开区,2020-06-02 18:12:07,0,6,0,0,0.0,False,6,1.0,True
天津,河东区,2020-06-02 18:12:07,0,15,0,1,0.0667,False,14,0.9333,True
天津,宁河区,2020-06-02 18:12:07,0,4,0,0,0.0,False,4,1.0,True
天津,宝坻区,2020-06-02 18:12:07,0,60,0,2,0.0333,False,58,0.9667,True
天津,外地来津,2020-06-02 18:12:07,0,6,0,0,0.0,False,6,1.0,True
天津,滨海新区,2020-06-02 18:12:07,0,3,0,0,0.0,False,3,1.0,True
天津,武清区,2020-06-02 18:12:07,0,2,0,0,0.0,False,2,1.0,True
天津,东丽区,2020-06-02 18:12:07,0,4,0,0,0.0,False,4,1.0,True
天津,河西区,2020-06-02 18:12:07,0,4,0,0,0.0,False,4,1.0,True
天津,西青区,2020-06-02 18:12:07,0,4,0,0,0.0,False,4,1.0,True
天津,红桥区,2020-06-02 18:12:07,0,2,0,0,0.0,False,2,1.0,True
福建,境外输入,2020-06-02 18:12:07,1,62,0,0,0.0,False,61,0.9839,True
福建,莆田,2020-06-02 18:12:07,0,56,0,0,0.0,False,56,1.0,True
福建,漳州,2020-06-02 18:12:07,0,20,0,0,0.0,False,20,1.0,True
福建,福建,2020-06-02 18:12:07,0,0,0,0,0.0,False,0,0.0,True
福建,宁德,2020-06-02 18:12:07,0,26,0,0,0.0,False,26,1.0,True
福建,龙岩,2020-06-02 18:12:07,0,6,0,0,0.0,False,6,1.0,True
福建,南平,2020-06-02 18:12:07,0,20,0,0,0.0,False,20,1.0,True
福建,三明,2020-06-02 18:12:07,0,14,0,0,0.0,False,14,1.0,True
福建,泉州,2020-06-02 18:12:07,0,47,0,0,0.0,False,47,1.0,True
福建,厦门,2020-06-02 18:12:07,0,35,0,0,0.0,False,35,1.0,True
福建,福州,2020-06-02 18:12:07,0,72,0,1,0.0139,False,71,0.9861,True
陕西,境外输入,2020-06-02 18:12:07,1,64,0,0,0.0,False,63,0.9843999999999999,True
陕西,韩城,2020-06-02 18:12:07,0,1,0,0,0.0,False,1,1.0,True
陕西,渭南,2020-06-02 18:12:07,0,15,0,0,0.0,False,15,1.0,True
陕西,咸阳,2020-06-02 18:12:07,0,17,0,0,0.0,False,17,1.0,True
陕西,西安,2020-06-02 18:12:07,0,120,0,3,0.025,False,117,0.975,True
陕西,汉中,2020-06-02 18:12:07,0,26,0,0,0.0,False,26,1.0,True
陕西,杨凌,2020-06-02 18:12:07,0,1,0,0,0.0,False,1,1.0,True
陕西,陕西,2020-06-02 18:12:07,0,0,0,0,0.0,False,0,0.0,True
陕西,榆林,2020-06-02 18:12:07,0,3,0,0,0.0,False,3,1.0,True
陕西,商洛,2020-06-02 18:12:07,0,7,0,0,0.0,False,7,1.0,True
陕西,铜川,2020-06-02 18:12:07,0,8,0,0,0.0,False,8,1.0,True
陕西,延安,2020-06-02 18:12:07,0,8,0,0,0.0,False,8,1.0,True
陕西,宝鸡,2020-06-02 18:12:07,0,13,0,0,0.0,False,13,1.0,True
陕西,安康,2020-06-02 18:12:07,0,26,0,0,0.0,False,26,1.0,True
海南,境外输入,2020-06-02 18:12:07,1,1,0,0,0.0,False,0,0.0,True
海南,保亭,2020-06-02 18:12:07,0,3,0,0,0.0,False,3,1.0,True
海南,儋州,2020-06-02 18:12:07,0,15,0,1,0.0667,False,14,0.9333,True
海南,三亚,2020-06-02 18:12:07,0,54,0,1,0.018500000000000003,False,53,0.9815,True
海南,东方,2020-06-02 18:12:07,0,3,0,1,0.3333,False,2,0.6667000000000001,True
海南,万宁,2020-06-02 18:12:07,0,13,0,0,0.0,False,13,1.0,True
海南,澄迈县,2020-06-02 18:12:07,0,9,0,1,0.11109999999999999,False,8,0.8889,True
海南,昌江县,2020-06-02 18:12:07,0,7,0,0,0.0,False,7,1.0,True
海南,海口,2020-06-02 18:12:07,0,39,0,0,0.0,False,39,1.0,True
海南,琼海,2020-06-02 18:12:07,0,6,0,1,0.16670000000000001,False,5,0.8332999999999999,True
海南,临高县,2020-06-02 18:12:07,0,6,0,0,0.0,False,6,1.0,True
海南,陵水县,2020-06-02 18:12:07,0,4,0,0,0.0,False,4,1.0,True
海南,乐东,2020-06-02 18:12:07,0,2,0,0,0.0,False,2,1.0,True
海南,文昌,2020-06-02 18:12:07,0,3,0,0,0.0,False,3,1.0,True
海南,定安县,2020-06-02 18:12:07,0,3,0,1,0.3333,False,2,0.6667000000000001,True
海南,琼中县,2020-06-02 18:12:07,0,1,0,0,0.0,False,1,1.0,True
浙江,境外输入,2020-06-02 18:12:07,0,50,0,0,0.0,False,50,1.0,True
浙江,省十里丰监狱,2020-06-02 18:12:07,0,36,0,0,0.0,False,36,1.0,True
浙江,丽水,2020-06-02 18:12:07,0,17,0,0,0.0,False,17,1.0,True
浙江,台州,2020-06-02 18:12:07,0,146,0,0,0.0,False,146,1.0,True
浙江,舟山,2020-06-02 18:12:07,0,10,0,0,0.0,False,10,1.0,True
浙江,衢州,2020-06-02 18:12:07,0,14,0,0,0.0,False,14,1.0,True
浙江,金华,2020-06-02 18:12:07,0,55,0,0,0.0,False,55,1.0,True
浙江,绍兴,2020-06-02 18:12:07,0,42,0,0,0.0,False,42,1.0,True
浙江,嘉兴,2020-06-02 18:12:07,0,46,0,0,0.0,False,46,1.0,True
浙江,湖州,2020-06-02 18:12:07,0,10,0,0,0.0,False,10,1.0,True
浙江,温州,2020-06-02 18:12:07,0,504,0,1,0.002,False,503,0.998,True
浙江,宁波,2020-06-02 18:12:07,0,157,0,0,0.0,False,157,1.0,True
浙江,杭州,2020-06-02 18:12:07,0,181,0,0,0.0,False,181,1.0,True
重庆,境外输入,2020-06-02 18:12:07,0,3,0,0,0.0,False,3,1.0,True
重庆,綦江区,2020-06-02 18:12:07,0,23,0,0,0.0,False,23,1.0,True
重庆,大足区,2020-06-02 18:12:07,0,14,0,0,0.0,False,14,1.0,True
重庆,荣昌区,2020-06-02 18:12:07,0,9,0,0,0.0,False,9,1.0,True
重庆,长寿区,2020-06-02 18:12:07,0,22,0,0,0.0,False,22,1.0,True
重庆,沙坪坝区,2020-06-02 18:12:07,0,9,0,0,0.0,False,9,1.0,True
重庆,九龙坡区,2020-06-02 18:12:07,0,21,0,1,0.047599999999999996,False,20,0.9523999999999999,True
重庆,丰都县,2020-06-02 18:12:07,0,10,0,0,0.0,False,10,1.0,True
重庆,江北区,2020-06-02 18:12:07,0,28,0,0,0.0,False,28,1.0,True
重庆,潼南区,2020-06-02 18:12:07,0,18,0,0,0.0,False,18,1.0,True
重庆,铜梁区,2020-06-02 18:12:07,0,10,0,0,0.0,False,10,1.0,True
重庆,南岸区,2020-06-02 18:12:07,0,15,0,0,0.0,False,15,1.0,True
重庆,两江新区,2020-06-02 18:12:07,0,17,0,0,0.0,False,17,1.0,True
重庆,万州区,2020-06-02 18:12:07,0,118,0,4,0.0339,False,114,0.9661,True
重庆,巴南区,2020-06-02 18:12:07,0,6,0,0,0.0,False,6,1.0,True
重庆,渝中区,2020-06-02 18:12:07,0,20,0,0,0.0,False,20,1.0,True
重庆,垫江县,2020-06-02 18:12:07,0,20,0,0,0.0,False,20,1.0,True
重庆,云阳县,2020-06-02 18:12:07,0,25,0,0,0.0,False,25,1.0,True
重庆,奉节县,2020-06-02 18:12:07,0,22,0,0,0.0,False,22,1.0,True
重庆,石柱县,2020-06-02 18:12:07,0,15,0,0,0.0,False,15,1.0,True
重庆,涪陵区,2020-06-02 18:12:07,0,5,0,0,0.0,False,5,1.0,True
重庆,渝北区,2020-06-02 18:12:07,0,17,0,0,0.0,False,17,1.0,True
重庆,彭水县,2020-06-02 18:12:07,0,2,0,0,0.0,False,2,1.0,True
重庆,忠县,2020-06-02 18:12:07,0,21,0,0,0.0,False,21,1.0,True
重庆,开州区,2020-06-02 18:12:07,0,21,0,1,0.047599999999999996,False,20,0.9523999999999999,True
重庆,合川区,2020-06-02 18:12:07,0,23,0,0,0.0,False,23,1.0,True
重庆,大渡口区,2020-06-02 18:12:07,0,7,0,0,0.0,False,7,1.0,True
重庆,巫溪县,2020-06-02 18:12:07,0,14,0,0,0.0,False,14,1.0,True
重庆,巫山县,2020-06-02 18:12:07,0,10,0,0,0.0,False,10,1.0,True
重庆,万盛经开区,2020-06-02 18:12:07,0,1,0,0,0.0,False,1,1.0,True
重庆,酉阳县,2020-06-02 18:12:07,0,1,0,0,0.0,False,1,1.0,True
重庆,璧山区,2020-06-02 18:12:07,0,9,0,0,0.0,False,9,1.0,True
重庆,高新区,2020-06-02 18:12:07,0,4,0,0,0.0,False,4,1.0,True
重庆,永川区,2020-06-02 18:12:07,0,5,0,0,0.0,False,5,1.0,True
重庆,江津区,2020-06-02 18:12:07,0,4,0,0,0.0,False,4,1.0,True
重庆,武隆区,2020-06-02 18:12:07,0,1,0,0,0.0,False,1,1.0,True
重庆,梁平区,2020-06-02 18:12:07,0,4,0,0,0.0,False,4,1.0,True
重庆,城口县,2020-06-02 18:12:07,0,2,0,0,0.0,False,2,1.0,True
重庆,黔江区,2020-06-02 18:12:07,0,2,0,0,0.0,False,2,1.0,True
重庆,秀山县,2020-06-02 18:12:07,0,1,0,0,0.0,False,1,1.0,True
河北,境外输入,2020-06-02 18:12:07,0,10,0,0,0.0,False,10,1.0,True
河北,唐山,2020-06-02 18:12:07,0,58,0,1,0.0172,False,57,0.9828,True
河北,张家口,2020-06-02 18:12:07,0,41,0,0,0.0,False,41,1.0,True
河北,邯郸,2020-06-02 18:12:07,0,32,0,0,0.0,False,32,1.0,True
河北,石家庄,2020-06-02 18:12:07,0,29,0,0,0.0,False,29,1.0,True
河北,承德,2020-06-02 18:12:07,0,7,0,0,0.0,False,7,1.0,True
河北,衡水,2020-06-02 18:12:07,0,8,0,0,0.0,False,8,1.0,True
河北,秦皇岛,2020-06-02 18:12:07,0,10,0,1,0.1,False,9,0.9,True
河北,邢台,2020-06-02 18:12:07,0,23,0,1,0.0435,False,22,0.9565,True
河北,廊坊,2020-06-02 18:12:07,0,30,0,0,0.0,False,30,1.0,True
河北,保定,2020-06-02 18:12:07,0,32,0,0,0.0,False,32,1.0,True
河北,沧州,2020-06-02 18:12:07,0,48,0,3,0.0625,False,45,0.9375,True
广西,境外输入,2020-06-02 18:12:07,0,2,0,0,0.0,False,2,1.0,True
广西,北海,2020-06-02 18:12:07,0,44,0,1,0.0227,False,43,0.9773000000000001,True
广西,来宾,2020-06-02 18:12:07,0,11,0,0,0.0,False,11,1.0,True
广西,防城港,2020-06-02 18:12:07,0,19,0,0,0.0,False,19,1.0,True
广西,柳州,2020-06-02 18:12:07,0,24,0,0,0.0,False,24,1.0,True
广西,南宁,2020-06-02 18:12:07,0,55,0,0,0.0,False,55,1.0,True
广西,河池,2020-06-02 18:12:07,0,28,0,1,0.035699999999999996,False,27,0.9643,True
广西,桂林,2020-06-02 18:12:07,0,32,0,0,0.0,False,32,1.0,True
广西,玉林,2020-06-02 18:12:07,0,11,0,0,0.0,False,11,1.0,True
广西,钦州,2020-06-02 18:12:07,0,8,0,0,0.0,False,8,1.0,True
广西,贵港,2020-06-02 18:12:07,0,8,0,0,0.0,False,8,1.0,True
广西,梧州,2020-06-02 18:12:07,0,5,0,0,0.0,False,5,1.0,True
广西,百色,2020-06-02 18:12:07,0,3,0,0,0.0,False,3,1.0,True
广西,贺州,2020-06-02 18:12:07,0,4,0,0,0.0,False,4,1.0,True
安徽,境外输入,2020-06-02 18:12:07,0,1,0,0,0.0,False,1,1.0,True
安徽,黄山,2020-06-02 18:12:07,0,9,0,0,0.0,False,9,1.0,True
安徽,宣城,2020-06-02 18:12:07,0,6,0,0,0.0,False,6,1.0,True
安徽,池州,2020-06-02 18:12:07,0,17,0,0,0.0,False,17,1.0,True
安徽,亳州,2020-06-02 18:12:07,0,108,0,0,0.0,False,108,1.0,True
安徽,六安,2020-06-02 18:12:07,0,69,0,0,0.0,False,69,1.0,True
安徽,宿州,2020-06-02 18:12:07,0,41,0,0,0.0,False,41,1.0,True
安徽,阜阳,2020-06-02 18:12:07,0,155,0,0,0.0,False,155,1.0,True
安徽,滁州,2020-06-02 18:12:07,0,13,0,0,0.0,False,13,1.0,True
安徽,安庆,2020-06-02 18:12:07,0,83,0,0,0.0,False,83,1.0,True
安徽,铜陵,2020-06-02 18:12:07,0,29,0,0,0.0,False,29,1.0,True
安徽,淮北,2020-06-02 18:12:07,0,27,0,0,0.0,False,27,1.0,True
安徽,马鞍山,2020-06-02 18:12:07,0,38,0,0,0.0,False,38,1.0,True
安徽,淮南,2020-06-02 18:12:07,0,27,0,0,0.0,False,27,1.0,True
安徽,蚌埠,2020-06-02 18:12:07,0,160,0,5,0.031200000000000002,False,155,0.9688,True
安徽,芜湖,2020-06-02 18:12:07,0,34,0,0,0.0,False,34,1.0,True
安徽,合肥,2020-06-02 18:12:07,0,174,0,1,0.005699999999999999,False,173,0.9943000000000001,True
新疆,兵团第九师,2020-06-02 18:12:07,0,4,0,1,0.25,False,3,0.75,True
新疆,吐鲁番,2020-06-02 18:12:07,0,3,0,0,0.0,False,3,1.0,True
新疆,乌鲁木齐,2020-06-02 18:12:07,0,23,0,0,0.0,False,23,1.0,True
新疆,昌吉州,2020-06-02 18:12:07,0,4,0,0,0.0,False,4,1.0,True
新疆,第八师石河子,2020-06-02 18:12:07,0,4,0,1,0.25,False,3,0.75,True
新疆,兵团第四师,2020-06-02 18:12:07,0,10,0,1,0.1,False,9,0.9,True
新疆,伊犁州,2020-06-02 18:12:07,0,18,0,0,0.0,False,18,1.0,True
新疆,六师五家渠,2020-06-02 18:12:07,0,2,0,0,0.0,False,2,1.0,True
新疆,兵团第十二师,2020-06-02 18:12:07,0,3,0,0,0.0,False,3,1.0,True
新疆,巴州,2020-06-02 18:12:07,0,3,0,0,0.0,False,3,1.0,True
新疆,第七师,2020-06-02 18:12:07,0,1,0,0,0.0,False,1,1.0,True
新疆,阿克苏,2020-06-02 18:12:07,0,1,0,0,0.0,False,1,1.0,True
江西,境外输入,2020-06-02 18:12:07,0,2,0,0,0.0,False,2,1.0,True
江西,九江,2020-06-02 18:12:07,0,118,0,0,0.0,False,118,1.0,True
江西,南昌,2020-06-02 18:12:07,0,230,0,0,0.0,False,230,1.0,True
江西,上饶,2020-06-02 18:12:07,0,123,0,0,0.0,False,123,1.0,True
江西,新余,2020-06-02 18:12:07,0,130,0,0,0.0,False,130,1.0,True
江西,抚州,2020-06-02 18:12:07,0,72,0,0,0.0,False,72,1.0,True
江西,吉安,2020-06-02 18:12:07,0,22,0,0,0.0,False,22,1.0,True
江西,赣州,2020-06-02 18:12:07,0,76,0,1,0.0132,False,75,0.9868000000000001,True
江西,萍乡,2020-06-02 18:12:07,0,33,0,0,0.0,False,33,1.0,True
江西,宜春,2020-06-02 18:12:07,0,106,0,0,0.0,False,106,1.0,True
江西,鹰潭,2020-06-02 18:12:07,0,18,0,0,0.0,False,18,1.0,True
江西,景德镇,2020-06-02 18:12:07,0,6,0,0,0.0,False,6,1.0,True
江西,赣江新区,2020-06-02 18:12:07,0,1,0,0,0.0,False,1,1.0,True
河南,漯河,2020-06-02 18:12:07,0,36,0,0,0.0,False,36,1.0,True
河南,境外输入,2020-06-02 18:12:07,0,3,0,0,0.0,False,3,1.0,True
河南,河南,2020-06-02 18:12:07,0,0,0,0,0.0,False,0,0.0,True
河南,周口,2020-06-02 18:12:07,0,76,0,1,0.0132,False,75,0.9868000000000001,True
河南,南阳,2020-06-02 18:12:07,0,156,0,3,0.0192,False,153,0.9808,True
河南,信阳,2020-06-02 18:12:07,0,274,0,2,0.0073,False,272,0.9926999999999999,True
河南,郑州,2020-06-02 18:12:07,0,157,0,5,0.0318,False,152,0.9682,True
河南,济源示范区,2020-06-02 18:12:07,0,5,0,0,0.0,False,5,1.0,True
河南,安阳,2020-06-02 18:12:07,0,53,0,0,0.0,False,53,1.0,True
河南,新乡,2020-06-02 18:12:07,0,57,0,3,0.0526,False,54,0.9473999999999999,True
河南,许昌,2020-06-02 18:12:07,0,39,0,1,0.0256,False,38,0.9743999999999999,True
河南,商丘,2020-06-02 18:12:07,0,91,0,3,0.033,False,88,0.9670000000000001,True
河南,驻马店,2020-06-02 18:12:07,0,139,0,0,0.0,False,139,1.0,True
河南,焦作,2020-06-02 18:12:07,0,32,0,1,0.031200000000000002,False,31,0.9688,True
河南,开封,2020-06-02 18:12:07,0,26,0,0,0.0,False,26,1.0,True
河南,平顶山,2020-06-02 18:12:07,0,58,0,1,0.0172,False,57,0.9828,True
河南,洛阳,2020-06-02 18:12:07,0,31,0,1,0.0323,False,30,0.9677,True
河南,濮阳,2020-06-02 18:12:07,0,17,0,0,0.0,False,17,1.0,True
河南,鹤壁,2020-06-02 18:12:07,0,19,0,0,0.0,False,19,1.0,True
河南,三门峡,2020-06-02 18:12:07,0,7,0,1,0.1429,False,6,0.8571,True
湖南,境外输入,2020-06-02 18:12:07,0,1,0,0,0.0,False,1,1.0,True
湖南,湘西自治州,2020-06-02 18:12:07,0,8,0,0,0.0,False,8,1.0,True
湖南,娄底,2020-06-02 18:12:07,0,76,0,0,0.0,False,76,1.0,True
湖南,怀化,2020-06-02 18:12:07,0,40,0,0,0.0,False,40,1.0,True
湖南,永州,2020-06-02 18:12:07,0,44,0,0,0.0,False,44,1.0,True
湖南,郴州,2020-06-02 18:12:07,0,39,0,0,0.0,False,39,1.0,True
湖南,益阳,2020-06-02 18:12:07,0,60,0,0,0.0,False,60,1.0,True
湖南,张家界,2020-06-02 18:12:07,0,5,0,0,0.0,False,5,1.0,True
湖南,常德,2020-06-02 18:12:07,0,82,0,0,0.0,False,82,1.0,True
湖南,岳阳,2020-06-02 18:12:07,0,156,0,1,0.0064,False,155,0.9936,True
湖南,邵阳,2020-06-02 18:12:07,0,102,0,1,0.0098,False,101,0.9902,True
湖南,湘潭,2020-06-02 18:12:07,0,36,0,0,0.0,False,36,1.0,True
湖南,株洲,2020-06-02 18:12:07,0,80,0,0,0.0,False,80,1.0,True
湖南,衡阳,2020-06-02 18:12:07,0,48,0,0,0.0,False,48,1.0,True
湖南,长沙,2020-06-02 18:12:07,0,242,0,2,0.0083,False,240,0.9917,True
青海,海北州,2020-06-02 18:12:07,0,3,0,0,0.0,False,3,1.0,True
青海,西宁,2020-06-02 18:12:07,0,15,0,0,0.0,False,15,1.0,True
宁夏,境外输入,2020-06-02 18:12:07,0,3,0,0,0.0,False,3,1.0,True
宁夏,银川,2020-06-02 18:12:07,0,34,0,0,0.0,False,34,1.0,True
宁夏,吴忠,2020-06-02 18:12:07,0,28,0,0,0.0,False,28,1.0,True
宁夏,固原,2020-06-02 18:12:07,0,5,0,0,0.0,False,5,1.0,True
宁夏,中卫,2020-06-02 18:12:07,0,3,0,0,0.0,False,3,1.0,True
宁夏,石嘴山,2020-06-02 18:12:07,0,1,0,0,0.0,False,1,1.0,True
宁夏,宁东管委会,2020-06-02 18:12:07,0,1,0,0,0.0,False,1,1.0,True
江苏,境外输入,2020-06-02 18:12:07,0,22,0,0,0.0,False,22,1.0,True
江苏,宿迁,2020-06-02 18:12:07,0,13,0,0,0.0,False,13,1.0,True
江苏,南通,2020-06-02 18:12:07,0,40,0,0,0.0,False,40,1.0,True
江苏,苏州,2020-06-02 18:12:07,0,87,0,0,0.0,False,87,1.0,True
江苏,南京,2020-06-02 18:12:07,0,93,0,0,0.0,False,93,1.0,True
江苏,无锡,2020-06-02 18:12:07,0,55,0,0,0.0,False,55,1.0,True
江苏,徐州,2020-06-02 18:12:07,0,79,0,0,0.0,False,79,1.0,True
江苏,连云港,2020-06-02 18:12:07,0,48,0,0,0.0,False,48,1.0,True
江苏,淮安,2020-06-02 18:12:07,0,66,0,0,0.0,False,66,1.0,True
江苏,镇江,2020-06-02 18:12:07,0,12,0,0,0.0,False,12,1.0,True
江苏,常州,2020-06-02 18:12:07,0,51,0,0,0.0,False,51,1.0,True
江苏,扬州,2020-06-02 18:12:07,0,23,0,0,0.0,False,23,1.0,True
江苏,盐城,2020-06-02 18:12:07,0,27,0,0,0.0,False,27,1.0,True
江苏,泰州,2020-06-02 18:12:07,0,37,0,0,0.0,False,37,1.0,True
甘肃,境外输入,2020-06-02 18:12:07,0,47,0,0,0.0,False,47,1.0,True
甘肃,兰州,2020-06-02 18:12:07,0,37,0,2,0.0541,False,35,0.9459000000000001,True
甘肃,定西,2020-06-02 18:12:07,0,9,0,0,0.0,False,9,1.0,True
甘肃,甘肃,2020-06-02 18:12:07,0,0,0,0,0.0,False,0,0.0,True
甘肃,平凉,2020-06-02 18:12:07,0,9,0,0,0.0,False,9,1.0,True
甘肃,庆阳,2020-06-02 18:12:07,0,3,0,0,0.0,False,3,1.0,True
甘肃,白银,2020-06-02 18:12:07,0,4,0,0,0.0,False,4,1.0,True
甘肃,甘南州,2020-06-02 18:12:07,0,8,0,0,0.0,False,8,1.0,True
甘肃,天水,2020-06-02 18:12:07,0,12,0,0,0.0,False,12,1.0,True
甘肃,陇南,2020-06-02 18:12:07,0,4,0,0,0.0,False,4,1.0,True
甘肃,临夏,2020-06-02 18:12:07,0,3,0,0,0.0,False,3,1.0,True
甘肃,张掖,2020-06-02 18:12:07,0,2,0,0,0.0,False,2,1.0,True
甘肃,金昌,2020-06-02 18:12:07,0,1,0,0,0.0,False,1,1.0,True
辽宁,沈阳,2020-06-02 18:12:07,0,31,0,0,0.0,False,31,1.0,True
辽宁,抚顺,2020-06-02 18:12:07,0,1,0,0,0.0,False,1,1.0,True
辽宁,大连,2020-06-02 18:12:07,0,18,0,0,0.0,False,18,1.0,True
辽宁,境外输入,2020-06-02 18:12:07,0,21,0,0,0.0,False,21,1.0,True
辽宁,朝阳市,2020-06-02 18:12:07,0,6,0,1,0.16670000000000001,False,5,0.8332999999999999,True
辽宁,丹东,2020-06-02 18:12:07,0,11,0,0,0.0,False,11,1.0,True
辽宁,葫芦岛,2020-06-02 18:12:07,0,12,0,1,0.0833,False,11,0.9167000000000001,True
辽宁,铁岭,2020-06-02 18:12:07,0,7,0,0,0.0,False,7,1.0,True
辽宁,鞍山,2020-06-02 18:12:07,0,4,0,0,0.0,False,4,1.0,True
辽宁,锦州,2020-06-02 18:12:07,0,12,0,0,0.0,False,12,1.0,True
辽宁,盘锦,2020-06-02 18:12:07,0,11,0,0,0.0,False,11,1.0,True
辽宁,阜新,2020-06-02 18:12:07,0,8,0,0,0.0,False,8,1.0,True
辽宁,本溪,2020-06-02 18:12:07,0,3,0,0,0.0,False,3,1.0,True
辽宁,辽阳,2020-06-02 18:12:07,0,3,0,0,0.0,False,3,1.0,True
辽宁,营口,2020-06-02 18:12:07,0,1,0,0,0.0,False,1,1.0,True
山西,境外输入,2020-06-02 18:12:07,0,64,0,0,0.0,False,64,1.0,True
山西,太原,2020-06-02 18:12:07,0,21,0,0,0.0,False,21,1.0,True
山西,晋中,2020-06-02 18:12:07,0,37,0,0,0.0,False,37,1.0,True
山西,大同,2020-06-02 18:12:07,0,12,0,0,0.0,False,12,1.0,True
山西,运城,2020-06-02 18:12:07,0,19,0,0,0.0,False,19,1.0,True
山西,晋城,2020-06-02 18:12:07,0,10,0,0,0.0,False,10,1.0,True
山西,忻州,2020-06-02 18:12:07,0,7,0,0,0.0,False,7,1.0,True
山西,长治,2020-06-02 18:12:07,0,8,0,0,0.0,False,8,1.0,True
山西,朔州,2020-06-02 18:12:07,0,8,0,0,0.0,False,8,1.0,True
山西,临汾,2020-06-02 18:12:07,0,2,0,0,0.0,False,2,1.0,True
山西,阳泉,2020-06-02 18:12:07,0,4,0,0,0.0,False,4,1.0,True
山西,吕梁,2020-06-02 18:12:07,0,6,0,0,0.0,False,6,1.0,True
贵州,境外输入,2020-06-02 18:12:07,0,1,0,0,0.0,False,1,1.0,True
贵州,贵阳,2020-06-02 18:12:07,0,36,0,1,0.0278,False,35,0.9722,True
贵州,遵义,2020-06-02 18:12:07,0,32,0,0,0.0,False,32,1.0,True
贵州,六盘水,2020-06-02 18:12:07,0,10,0,1,0.1,False,9,0.9,True
贵州,毕节,2020-06-02 18:12:07,0,23,0,0,0.0,False,23,1.0,True
贵州,黔南州,2020-06-02 18:12:07,0,17,0,0,0.0,False,17,1.0,True
贵州,安顺,2020-06-02 18:12:07,0,4,0,0,0.0,False,4,1.0,True
贵州,黔东南州,2020-06-02 18:12:07,0,10,0,0,0.0,False,10,1.0,True
贵州,铜仁,2020-06-02 18:12:07,0,10,0,0,0.0,False,10,1.0,True
贵州,黔西南州,2020-06-02 18:12:07,0,4,0,0,0.0,False,4,1.0,True
黑龙江,哈尔滨,2020-06-02 18:12:07,0,264,0,4,0.0152,False,260,0.9848,True
黑龙江,境外输入,2020-06-02 18:12:07,0,386,0,0,0.0,False,386,1.0,True
黑龙江,牡丹江,2020-06-02 18:12:07,0,25,0,0,0.0,False,25,1.0,True
黑龙江,大庆,2020-06-02 18:12:07,0,27,0,1,0.037000000000000005,False,26,0.963,True
黑龙江,黑龙江,2020-06-02 18:12:07,0,0,0,0,0.0,False,0,0.0,True
黑龙江,齐齐哈尔,2020-06-02 18:12:07,0,43,0,1,0.0233,False,42,0.9767,True
黑龙江,大兴安岭,2020-06-02 18:12:07,0,3,0,0,0.0,False,3,1.0,True
黑龙江,黑河,2020-06-02 18:12:07,0,14,0,0,0.0,False,14,1.0,True
黑龙江,双鸭山,2020-06-02 18:12:07,0,52,0,3,0.057699999999999994,False,49,0.9423,True
黑龙江,绥化,2020-06-02 18:12:07,0,47,0,4,0.0851,False,43,0.9148999999999999,True
黑龙江,鹤岗,2020-06-02 18:12:07,0,5,0,0,0.0,False,5,1.0,True
黑龙江,七台河,2020-06-02 18:12:07,0,17,0,0,0.0,False,17,1.0,True
黑龙江,鸡西,2020-06-02 18:12:07,0,46,0,0,0.0,False,46,1.0,True
黑龙江,伊春,2020-06-02 18:12:07,0,1,0,0,0.0,False,1,1.0,True
黑龙江,佳木斯,2020-06-02 18:12:07,0,15,0,0,0.0,False,15,1.0,True
澳门,澳门,2020-06-02 18:12:07,0,45,0,0,0.0,False,45,1.0,True
云南,境外输入,2020-06-02 18:12:07,0,11,0,0,0.0,False,11,1.0,True
云南,曲靖,2020-06-02 18:12:07,0,13,0,0,0.0,False,13,1.0,True
云南,德宏州,2020-06-02 18:12:07,0,5,0,0,0.0,False,5,1.0,True
云南,昆明,2020-06-02 18:12:07,0,53,0,0,0.0,False,53,1.0,True
云南,保山市,2020-06-02 18:12:07,0,9,0,0,0.0,False,9,1.0,True
云南,玉溪,2020-06-02 18:12:07,0,14,0,1,0.07139999999999999,False,13,0.9286,True
云南,红河,2020-06-02 18:12:07,0,9,0,0,0.0,False,9,1.0,True
云南,昭通市,2020-06-02 18:12:07,0,25,0,0,0.0,False,25,1.0,True
云南,大理,2020-06-02 18:12:07,0,13,0,0,0.0,False,13,1.0,True
云南,西双版纳州,2020-06-02 18:12:07,0,15,0,1,0.0667,False,14,0.9333,True
云南,文山州,2020-06-02 18:12:07,0,2,0,0,0.0,False,2,1.0,True
云南,普洱,2020-06-02 18:12:07,0,4,0,0,0.0,False,4,1.0,True
云南,楚雄州,2020-06-02 18:12:07,0,4,0,0,0.0,False,4,1.0,True
云南,丽江市,2020-06-02 18:12:07,0,7,0,0,0.0,False,7,1.0,True
云南,临沧,2020-06-02 18:12:07,0,1,0,0,0.0,False,1,1.0,True
西藏,拉萨,2020-06-02 18:12:07,0,1,0,0,0.0,False,1,1.0,True
